Etiam cursus eleifend lacus vitae interdum. In consequat risus eros. Pellentesque habitant morbi tristique senectus et netus et malesuada fames ac turpis egestas. Curabitur volutpat arcu at sagittis maximus. Etiam dictum tortor lacus, non faucibus eros tempor blandit. Sed et ante pellentesque, pellentesque eros quis, egestas libero. Sed gravida et lorem pellentesque viverra. Lorem ipsum dolor sit amet, consectetur adipiscing elit. Aliquam eget metus erat. Aliquam sollicitudin rutrum lacus eu fermentum. Duis facilisis, nibh vitae accumsan facilisis, mi magna auctor urna, vitae egestas libero libero eu ligula. Morbi congue id dui elementum semper.

Phasellus imperdiet interdum augue non porta. In egestas enim neque, non finibus nisl ullamcorper sit amet. Pellentesque vel tellus ligula. Sed blandit ligula arcu, rutrum tincidunt sapien porta a. Fusce massa massa, mollis id metus ut, pulvinar lacinia nulla. Pellentesque nulla dui, consectetur in pretium et, rutrum at eros. Etiam venenatis turpis ac elit hendrerit placerat.

Nunc at molestie massa. Nulla quis commodo urna, mollis fermentum enim. Ut at neque non nibh pulvinar maximus. Vestibulum ante ipsum primis in faucibus orci luctus et ultrices posuere cubilia Curae; Ut sagittis lobortis hendrerit. Praesent in urna eget sem accumsan vulputate. Etiam venenatis luctus neque. Vestibulum ultrices enim dui, eu lacinia nibh ultricies eu. Fusce pellentesque feugiat sapien, ac blandit arcu condimentum ut. Suspendisse potenti. Fusce sollicitudin velit massa, vel scelerisque lacus egestas sed.

Mauris ullamcorper metus a fermentum scelerisque. Donec eget felis ligula. Praesent cursus nisl suscipit, laoreet dui placerat, luctus mauris. Donec molestie pretium tempor. Integer porttitor vestibulum justo maximus vehicula. Mauris elementum purus magna, id consequat sem dapibus sed. Nulla vitae tempor justo. Vestibulum scelerisque finibus nisl vitae consequat. Praesent aliquam est quam, fringilla pharetra turpis tempus id. Integer auctor at mauris in accumsan. Phasellus in sapien placerat, accumsan felis sit amet, blandit massa. Etiam rhoncus quam suscipit mattis porta.

Lorem ipsum dolor sit amet, consectetur adipiscing elit. Pellentesque ut massa nec lacus fermentum elementum. Curabitur molestie tortor est, nec bibendum mauris tincidunt et. Duis non laoreet dolor. Sed gravida vehicula eros. Nunc in purus erat. Maecenas viverra pellentesque varius. Sed vel vulputate turpis, nec maximus dui. Nunc in est eget est lobortis accumsan. Quisque luctus bibendum lectus nec rutrum. Ut vulputate risus imperdiet, eleifend augue eu, dignissim ligula.

Morbi eget leo et justo imperdiet tempus. Nam ac est mollis, volutpat est vel, tempor orci. Morbi malesuada quam non est rhoncus pulvinar. Morbi accumsan, nulla ut molestie ultrices, felis lectus gravida nibh, a elementum erat nisi et mauris. Nam euismod vel mauris sed dignissim. Praesent condimentum a eros a fermentum. Praesent rhoncus congue massa. Cras faucibus, metus in faucibus pulvinar, nisi sem sollicitudin sem, ut laoreet nunc massa at tortor. Nunc nisl mauris, tincidunt a augue nec, dignissim accumsan magna. Quisque velit metus, tristique eu massa eu, luctus convallis turpis. Integer gravida nunc urna, a elementum mi pharetra ac. Suspendisse tincidunt vitae nibh et mollis. Sed urna arcu, fermentum quis nulla at, viverra eleifend lorem. Ut ornare urna magna. Curabitur eget eros ornare, convallis neque in, pharetra est.